{"assets/fonts/Inter.ttf":["assets/fonts/Inter.ttf"],"assets/icons/Icon.png":["assets/icons/Icon.png"],"assets/icons/acad-nav-icon.svg":["assets/icons/acad-nav-icon.svg"],"assets/icons/arrow.svg":["assets/icons/arrow.svg"],"assets/icons/bus.png":["assets/icons/bus.png"],"assets/icons/cab-add-success.png":["assets/icons/cab-add-success.png"],"assets/icons/cab-sharing-icon-old.svg":["assets/icons/cab-sharing-icon-old.svg"],"assets/icons/cab-sharing-icon.svg":["assets/icons/cab-sharing-icon.svg"],"assets/icons/calendar.svg":["assets/icons/calendar.svg"],"assets/icons/comingsoon.png":["assets/icons/comingsoon.png"],"assets/icons/ev.png":["assets/icons/ev.png"],"assets/icons/google.png":["assets/icons/google.png"],"assets/icons/logo.png":["assets/icons/logo.png"],"assets/icons/magnifying-icon.svg":["assets/icons/magnifying-icon.svg"],"assets/icons/money-icon.png":["assets/icons/money-icon.png"],"assets/icons/profile-photo.jpeg":["assets/icons/profile-photo.jpeg"],"assets/icons/profile-pic.svg":["assets/icons/profile-pic.svg"],"assets/icons/swap-icon.svg":["assets/icons/swap-icon.svg"],"assets/lost_and_found/batteries.png":["assets/lost_and_found/batteries.png"],"assets/lost_and_found/calculator.png":["assets/lost_and_found/calculator.png"],"assets/lost_and_found/highlighter.png":["assets/lost_and_found/highlighter.png"],"assets/lost_and_found/lost-found-grater.png":["assets/lost_and_found/lost-found-grater.png"],"assets/lost_and_found/samsung-adapter.png":["assets/lost_and_found/samsung-adapter.png"],"env":["env"],"packages/cupertino_icons/assets/CupertinoIcons.ttf":["packages/cupertino_icons/assets/CupertinoIcons.ttf"],"shorebird.yaml":["shorebird.yaml"]}